"USER_ID","USER_NAME","USER_EMAIL","USER_PASS","USER_PHONE","USER_ADDRESS"
"0","112fhs","anh@gmail.com","123456789","123456789","97D Pham Ngoc Thach, Cần Thơ, Việt Nam "
"1","A_och_F","yen02.06@gmail.com","1234568","1234568","88/24 Lê Lai, An Phú, Ninh Kiều, Thành phố Cần Thơ, Việt Nam, 900000"
"2","rw005x9966","trong@gmail.com","125478","125478","76 Dong Khoi Street, Cần Thơ, Việt Nam"
"3","FairFoodCritic","tri@gmail.com","124568973","124568973","46 Lương Định Của, Phường Cái Khế, , Cái Khế, Ninh Kiều, Thành phố Cần Thơ, Việt Nam, 900000"
"4","JyriE","danh02.06@gmail.com","125460213","125460213","59-61 Ly Hong Thanh, P. Cai Khe, Q. Ninh Kieu, Cái Khế, Cần Thơ"
"5","winst0n53","tuyet@gmail.com","125648","125648","số 2 đường Nguyễn Văn Cừ (cồn Khương), phường Cái Khế, quận Ninh Kiều, thành phố Cần Thơ"
"6","z1bby","sa@gmail.com","125478963","125478963","138A Nguyen An Ninh , Cần Thơ, Việt Nam"
"7","Khalil H","da@gmail.com","123456789","123456789","178c Ong Tiem Bridge, Thanh My Area, Thuong Thanh Ward, Cai Rang District, Cần Thơ, Việt Nam, Cần Thơ, Việt Nam"
"8","donelise99","Hau@gmail.com","321456987","321456987","134/12 Trần Phú, P. Cái Khế, Q. Ninh Kiều, TP. Cần Thơ, Cần Thơ, Việt Nam"
"9","manyadm","hoa@gmail.com","987456321","987456321","8 Xuân Thủy, Phường An Khánh, Ninh Kiều, Cần Thơ, Việt Nam"
"10","Marcello S","hoang02.06@gmail.com","123654789","123654789","Xã Trường Long, Huyện Phong Điền, TP. Cần Thơ, Việt Namnnamed, Road Ấp Trường, Phú 1, Phong Điền, Cần Thơ, Việt Nam"
"11","wildtramper","A_och_F@gmail.com","123564789","123564789","7 Trần Đại Nghĩa, Cái Khế, Ninh Kiều, Cần Thơ, Việt Nam"
"12","India L","rw005x9966@gmail.com","147852369","147852369","55 Phạm Ngọc Thạch, Cái Khế, Ninh Kiều, Cần Thơ, Việt Nam"
"13","Shelina123","FairFoodCritic@gmail.com","12356489","12356489","Unnamed Road, Mỹ Khánh, Phong Điền, Cần Thơ, Việt Nam"
"14","Jonathan Z","JyriE02.06@gmail.com","123564789","123564789","9C Trần Phú, Cái Khế, Ninh Kiều, Cần Thơ, Việt Nam"
"15","Flintso","hoa@gmail.com","123564789","123564789","85 Đường Nguyễn An Ninh, Tân An, Ninh Kiều, Cần Thơ, Việt Nam"
"16","Dee1412","hoa@gmail.com","123456789","123456789","99A Đường Nguyễn Hữu Cầu, Cồn Khương, Ninh Kiều, Cần Thơ 94000, Việt Nam"
"17","Stephenfernie","anh@gmail.com","123456789","123456789","1 Đường Ngô Quyền, Tân An, Ninh Kiều, Cần Thơ, Việt Nam"
"18","James W","yen02.06@gmail.com","123654789","123654789","10 Hai Bà Trưng Phường Tân An, Quận Ninh Kiều Can Tho City, 94000, Việt Nam"
"19","Colleen c","trong@gmail.com","123654789","123654789","31-33 Trần Quang Khải, Cái Khế, Ninh Kiều, Cần Thơ 900000, Việt Nam"
"20","shyintustin","tri@gmail.com","123654789","123654789","D5/10 + D5/11 Đường số 2 Khu dân cư, Long Thịnh, Cái Răng, Cần Thơ, Việt Nam"
"21","Anders B","danh02.06@gmail.com","123654789","123654789","39-41 Đường Ngô Quyền, Tân An, Ninh Kiều, Cần Thơ 900000, Việt Nam"
"22","Menace","tuyet@gmail.com","123456789","123456789","120 Lê Lợi, Cái Khế, Ninh Kiều, Cần Thơ, Việt Nam"
"23","GaryH_Colo","sa@gmail.com","1234568","1234568","2QVP+GF Ninh Kiều, Cần Thơ, Việt Nam"
"24","Robb L","da@gmail.com","125478","125478","Xã Nhơn Nghĩa, H. Phong Điền, Thành Phố Cần Thơ, Vietnam Can Tho City, Việt Nam"
"25","Hank P","Hau@gmail.com","124568973","124568973","17 Điện Biên Phủ, Tân An, Ninh Kiều, Cần Thơ, Việt Nam"
"26","Timothy S","hoa@gmail.com","125460213","125460213","PG2-11 Khu Shophouse Vincom, Đường 30 Tháng 4, Xuân Khánh, Ninh Kiều, Cần Thơ 900000, Việt Nam"
"27","RicardoJNoronha","hoang02.06@gmail.com","125648","125648","55 Phan Đình Phùng, Tân An, Ninh Kiều, Cần Thơ, Việt Nam"
"28","MaryAnn D","A_och_F@gmail.com","125478963","125478963","75/38A6 Võ Trường Toản, An Hoà, Ninh Kiều, Cần Thơ, Việt Nam"
"29","Pat C","rw005x9966@gmail.com","123456789","123456789","số 22 Hẻm 9 Xô Viết Nghệ Tỉnh, An Cư, Ninh Kiều, Cần Thơ 900000, Việt Nam"
"30","vkmyinv","FairFoodCritic@gmail.com","321456987","321456987","127 2H Đường, Võ Văn Kiệt, An Hoà, Ninh Kiều, Cần Thơ, Việt Nam"
"31","Radde B","JyriE02.06@gmail.com","987456321","987456321","158 Trần Việt Châu, An Hoà, Ninh Kiều, Cần Thơ, Việt Nam"
"32","PaulandSam2013","hoa@gmail.com","123654789","123654789","27 Đ. Số 4, KDC Nam Long, Cái Răng, Cần Thơ, Việt Nam"
"33","Tinker3267","hoa@gmail.com","123564789","123564789","2QJH+VX Ninh Kiều, Cần Thơ, Việt Nam"
"34","Sabina T","tuyet@gmail.com","147852369","147852369","XQG7+8M Cái Răng, Cần Thơ, Việt Nam"
"35","mr_draco","sa@gmail.com","12356489","12356489","14 Nguyễn Thị Minh Khai, Can Tho, Vietnam"
"36","Dimitrivaz","da@gmail.com","123564789","123564789","Đường 3/2, Phường Xuân Khánh Số 43/67, Can Tho, Vietnam"
"37","Fred C","Hau@gmail.com","123564789","123564789","08 Hải Thượng Lãn Ông, Tân An, Ninh Kiều, Cần Thơ, Việt Nam"
"38","lahabib452","hoa@gmail.com","123456789","123456789","2PCV+7F Ninh Kiều, Cần Thơ, Việt Nam"
"39","Anthony_Chien","hoang02.06@gmail.com","123456789","123456789","2QMM+H4 Ninh Kiều, Cần Thơ, Việt Nam"
"40","CarolineJNY","A_och_F@gmail.com","123654789","123654789","65 Trần Bình Trọng, An Phú, Ninh Kiều, Cần Thơ, Việt Nam"
"41","MiaView","rw005x9966@gmail.com","123654789","123654789","65 Ung Văn Khiêm, An Hội, Ninh Kiều, Cần Thơ 900000, Việt Nam"
"42","LouisPRequena","FairFoodCritic@gmail.com","123654789","123654789","12 Trần Quang Khải, An Hội, Ninh Kiều, Cần Thơ, Việt Nam"
"43","Ermilsumc","JyriE02.06@gmail.com","123654789","123654789","2QF2+X68, Phường An Khánh, Ninh Kiều, Cần Thơ, Việt Nam"
"44","Kenneth S","hoa@gmail.com","123456789","123456789","An Cư"
"45","Magipang","hoa@gmail.com","321456987","321456987","08 Bà Huyện Thanh Quan, Thới Bình, Ninh Kiều, Cần Thơ, Việt Nam"
"46","pandabear","A_och_F@gmail.com","987456321","987456321","66 Nguyễn Chí Thanh, Trà Nóc, Bình Thủy, Cần Thơ, Việt Nam"
"47","gjanzso","rw005x9966@gmail.com","123654789","123654789","86d Hùng Vương, An Cư, Ninh Kiều, Cần Thơ, Việt Nam"
"48","SNS242","FairFoodCritic@gmail.com","123564789","123564789","26 Tran Phu St Cai Khe Ward, Ninh Kieu Dist, Trần Phú, Thới Bình, Ninh Kiều, Cần Thơ, Việt Nam"
"49","Linblatt","JyriE02.06@gmail.com","147852369","147852369","45p1, Mậu Thân, An Hoà, Ninh Kiều, Cần Thơ, Việt Nam"
"50","Jason M","hoa@gmail.com","12356489","12356489","7 Trần Đại Nghĩa, Cái Khế, Ninh Kiều, Cần Thơ, Việt Nam"
"51","Pamy_Orlando","anh@gmail.com","123564789","123564789","60 Xô Viết Nghệ Tĩnh, An Hội, Ninh Kiều, Cần Thơ, Việt Nam"
"52","Ricardo Luiz C","yen02.06@gmail.com","123564789","123564789","87 Phan Đăng Lưu, Thới Bình, Ninh Kiều, Cần Thơ, Việt Nam"
"53","glf2010","trong@gmail.com","123456789","123456789","97 Đường Đề Thám, Tân An, Ninh Kiều, Cần Thơ, Việt Nam"
"54","Luca M","tri@gmail.com","123456789","123456789","9 Đường Cách Mạng Tháng 8, An Thới, Bình Thủy, Cần Thơ, Việt Nam"
"55","janeelijan","danh02.06@gmail.com","123654789","123654789","T2 Đinh Công Tráng, Xuân Khánh, Ninh Kiều, Cần Thơ, Việt Nam"
"56","Clare B","tuyet@gmail.com","123654789","123654789","20 Trần Quang Khải, An Hội, Ninh Kiều, Cần Thơ, Việt Nam"
"57","ypklee","sa@gmail.com","123654789","123654789","U8 Nguyễn Ngọc Trai, Xuân Khánh, Ninh Kiều, Cần Thơ, Việt Nam"
"58","awsairy","da@gmail.com","123654789","123654789","28 Lê Lai, An Lạc, Ninh Kiều, Cần Thơ 94000, Việt Nam"
"59","WHISKASyTORTU","Hau@gmail.com","123456789","123456789","9 Ba Tháng Hai, An Bình, Ninh Kiều, Cần Thơ, Việt Nam"
"60","fionagar","hoa@gmail.com","1234568","1234568","107A Mậu Thân, Xuân Khánh, Ninh Kiều, Cần Thơ 900000, Việt Nam"
"61","Jane D","hoang02.06@gmail.com","125478","125478","Lô A1-57 Mai Chí Thọ, KDC 586, P.Phú Thứ Q, Cái Răng, Cần Thơ, Việt Nam"
"62","jdrieber","A_och_F@gmail.com","124568973","124568973","95/4 Mậu Thân, An Phú, Ninh Kiều, Cần Thơ, Việt Nam"
"63","BRENTON_1802","rw005x9966@gmail.com","125460213","125460213","Nguyễn Văn Cừ, Cái Khế, Ninh Kiều, Cần Thơ, Việt Nam"
"64","annie_bb_89","FairFoodCritic@gmail.com","125648","125648","86 Ung Văn Khiêm, An Hội, Ninh Kiều, Cần Thơ, Việt Nam"
"65","polsci","JyriE02.06@gmail.com","125478963","125478963","80 Nguyễn Hữu Trí, Cái Khế, Ninh Kiều, Cần Thơ, Việt Nam"
"66","Shrlrd4","hoa@gmail.com","123456789","123456789","18 Thủ Khoa Huân, Tân An, Ninh Kiều, Cần Thơ, Việt Nam"
"67","Daniel W","hoa@gmail.com","321456987","321456987","20A, Dãy B, Hẻm, 49 Trần Hoàng Na, Hưng Lợi, Ninh Kiều, Cần Thơ, Việt Nam"
"68","seat38a","yen02.06@gmail.com","987456321","987456321","71 Trần Phú, Thới Bình, Ninh Kiều, Cần Thơ, Việt Nam"
"69","IPTraveler006","trong@gmail.com","123654789","123654789","120 Đường Hai Bà Trưng, Tân An, Ninh Kiều, Cần Thơ, Việt Nam"
"70","dammonber","tri@gmail.com","123564789","123564789","144A Đường Cách Mạng Tháng 8, Cái Khế, Bình Thủy, Cần Thơ 94000, Việt Nam"
"71","Barry L","danh02.06@gmail.com","147852369","147852369","Hem 134, 120/15A Trần Phú, Cái Khế, Ninh Kiều, Cần Thơ 900000, Việt Nam"
"72","knj251","tuyet@gmail.com","12356489","12356489","35-36 đường Nguyễn Thị Sáu, Phú Thứ, Cái Răng, Cần Thơ, Việt Nam"
"73","Meltem E","sa@gmail.com","123564789","123564789","Hẻm 14, Tân An, Ninh Kiều, Cần Thơ, Việt Nam"
"74","Manny212","da@gmail.com","123564789","123564789","1 Thủ Khoa Huân, Tân An, Ninh Kiều, Cần Thơ, Việt Nam"
"75","FredtSteca","Hau@gmail.com","123456789","123456789","03 Đại lộ Hoà Bình, Tân An, Ninh Kiều, Cần Thơ, Việt Nam"
"76","delphine c","hoa@gmail.com","123456789","123456789","Hẻm 66/11 Đường Cách Mạng Tháng 8, Thới Bình, Ninh Kiều, Cần Thơ, Việt Nam"
"77","Roloush","hoang02.06@gmail.com","123654789","123654789","So 9 Đ. A6, Hưng Phú, Cái Răng, Cần Thơ, Việt Nam"
"78","joanoArmagh","A_och_F@gmail.com","123654789","123654789","47 Đ. Lý Tự Trọng, An Cư, Ninh Kiều, Cần Thơ 94000, Việt Nam"
"79","EfimK2016","rw005x9966@gmail.com","123654789","123654789","9 Đường số 4, Hưng Lợi, Ninh Kiều, Cần Thơ, Việt Nam"
"80","Kirt W","FairFoodCritic@gmail.com","123654789","123654789","60 Đường Nguyễn An Ninh, Tân An, Ninh Kiều, Cần Thơ 90000, Việt Nam"
"81","Fix2013","JyriE02.06@gmail.com","987456321","987456321","Số 30d/4 - khu vực 2 - đường Trường THPT Chuyên Lý tự Trọng- cuối, Khu dân cư Nam long, Cái Răng, Cần Thơ 94000, Việt Nam"
"82","A P","hoa@gmail.com","123654789","123654789","90 Ngô Sĩ Liên, Hưng Lợi, Ninh Kiều, Cần Thơ, Việt Nam"
"83","heath1515","hoa@gmail.com","123564789","123564789","Đường số 24, Hưng Phú, Cái Răng, Cần Thơ, Việt Nam"
"84","SurfaceTravel","anh@gmail.com","147852369","147852369","City, 1 Ngô Đức Kế, Street, Ninh Kiều, Cần Thơ, Việt Nam"
"85","wahinetoaAuckland","yen02.06@gmail.com","12356489","12356489","172C Ba Tháng Hai, Xuân Khánh, Ninh Kiều, Cần Thơ, Việt Nam"
"86","kvb4717","trong@gmail.com","123564789","123564789","268 Huỳnh Thị Nở, KV, Phú Qưới, Cái Răng, Cần Thơ, Việt Nam"
"87","Krzysztof H","tri@gmail.com","123564789","123564789","Xuân Khánh, Ninh Kiều, Cần Thơ, Việt Nam"
"88","CupertinoCiaran","danh02.06@gmail.com","123456789","123456789","18 Hải Thượng Lãn Ông, Phường 1, Vị Thanh, Hậu Giang, Việt Nam"
"89","a1m2y","tuyet@gmail.com","123456789","123456789","75-77-79, Lý Hồng Thanh, Cái Khế, Ninh Kiều, Cần Thơ, Việt Nam"
"90","trvljock","sa@gmail.com","123654789","123654789","9 Châu Văn Liêm, P Tân An, Q Ninh Kiều Cần Thơ Can Tho City, 94000, Việt Nam"
"91","satisfiedkevin","da@gmail.com","123654789","123654789","Xã Nhơn Nghĩa, H. Phong Điền, Thành Phố Cần Thơ, Vietnam Can Tho City, Việt Nam"
"92","Jen L","Hau@gmail.com","123654789","123654789","268 Huỳnh Thị Nở, KV, Phú Qưới, Cái Răng, Cần Thơ, Việt Nam"
"93","Cliffmeister11","hoa@gmail.com","123654789","123654789","9C Trần Phú, Cái Khế, Ninh Kiều, Cần Thơ, Việt Nam"
"94","Geneva-anonymous","hoang02.06@gmail.com","123456789","123456789","Quốc lộ 91B, Thới An Đông, Bình Thủy, Cần Thơ, Việt Nam"
"95","Reiziger2017","A_och_F@gmail.com","1234568","1234568","55 Phan Đình Phùng, Tân An, Ninh Kiều, Cần Thơ, Việt Nam"
"96","GLASGOWCHILL","rw005x9966@gmail.com","125478","125478","12 Đường Hai Bà Trưng, Tân An, Ninh Kiều, Cần Thơ 929999, Việt Nam"
"97","28Pam2014","FairFoodCritic@gmail.com","124568973","124568973","78 Hùng Vương, An Hội, Ninh Kiều, Cần Thơ 900000, Việt Nam"
"98","David H","JyriE02.06@gmail.com","125460213","125460213","Hẻm Lò Mổ,Xuân Khánh, Ninh Kiều, Cần Thơ, Việt Nam"
"99","Marthav12324","hoa@gmail.com","125648","125648","03-05-07-09 Trần Vĩnh Kiết, An Bình, Ninh Kiều, Cần Thơ, Việt Nam"
"100","twogwailos","hoa@gmail.com","125478963","125478963","hẻm 95 Mậu Thân, An Phú, Ninh Kiều, Cần Thơ, Việt Nam"
"101","Rachel M","tuyet@gmail.com","123456789","123456789","
 Trần Quang Khải D3-23, Cần Thơ, Việt Nam"
"102","alanreynolds","sa@gmail.com","321456987","321456987","81 Lý Hồng Thanh, Cái Khế, Ninh Kiều, Cần Thơ, Việt Nam"
"103","jaddab_11","da@gmail.com","987456321","987456321","54/7A Nguyễn Thái Học, Tân An, Ninh Kiều, Cần Thơ, Việt Nam"
"104","pinkava","Hau@gmail.com","123654789","123654789","27 Đ. Số 4, KDC Nam Long, Cái Răng, Cần Thơ, Việt Nam"
"105","R0cketman_84","hoa@gmail.com","123564789","123564789","25 Đường Nguyễn An Ninh, Tân An, Ninh Kiều, Cần Thơ, Việt Nam"
"106","Karen G","hoang02.06@gmail.com","147852369","147852369","Đ. Hoàng Thế Thiện, Hưng Phú, Cái Răng, Cần Thơ, Việt Nam"
"107","Dirk H","A_och_F@gmail.com","12356489","12356489","1 Nguyễn Bỉnh Khiêm, An Hội, Ninh Kiều, Cần Thơ 900000, Việt Nam"
"108","sokket","rw005x9966@gmail.com","123564789","123564789","542 Đường 30 Tháng 4, Hưng Lợi, Ninh Kiều, Cần Thơ, Việt Nam"
"109","FletcherForward","FairFoodCritic@gmail.com","123564789","123564789","38 Mậu Thân, An Phú, Ninh Kiều, Cần Thơ, Việt Nam"
"110","Dan M","JyriE02.06@gmail.com","123456789","123456789","32 Lương Định Của, Cái Khế, Ninh Kiều, Cần Thơ, Việt Nam"
"111","Carina F","hoa@gmail.com","123456789","123456789","41, Chau Van Liem Street, Cần Thơ Việt Nam"
"112","Jennifer S","hoa@gmail.com","123654789","123654789","118C Đường Cách Mạng Tháng 8, Cái Khế, Ninh Kiều, Cần Thơ, Việt Nam"
"113","Kelly C","A_och_F@gmail.com","123654789","123654789","46 Trần Đại Nghĩa, Cái Khế, Ninh Kiều, Cần Thơ 270000, Việt Nam"
"114","Conorlyn","rw005x9966@gmail.com","123654789","123654789","C27 Đường số 27, KHU DÂN CƯ ĐÔ THỊ MỚI HƯNG PHÚ, Cái Răng, Cần Thơ, Việt Nam"
"115","EggyPuff","FairFoodCritic@gmail.com","123654789","123654789","TTTM Cái Khế, Trần Phú, Thới Bình, Ninh Kiều, Cần Thơ, Việt Nam"
"116","Mary V","JyriE02.06@gmail.com","123456789","123456789","126 Lê Lai, An Lạc, Ninh Kiều, Cần Thơ, Việt Nam"
"117","Navion5150","hoa@gmail.com","321456987","321456987","91 Đường Châu Văn Liêm, Tân An, Ninh Kiều, Cần Thơ, Việt Nam"
"118","anthrax1","anh@gmail.com","987456321","987456321","102 Ung Văn Khiêm, An Hội, Ninh Kiều, Cần Thơ, Việt Nam"
"119","Athens85","yen02.06@gmail.com","123654789","123654789","2 Cầu Nguyễn Trãi, An Hội, Ninh Kiều, Cần Thơ, Việt Nam"
"120","vvel","trong@gmail.com","123564789","123564789","65 Hung Vuong Street, Ninh Kieu District, Can Tho 92000 Vietnam"
"121","K446CCjeffb","tri@gmail.com","147852369","147852369","số 8 Ngô Hữu Hạnh, Tân An, Ninh Kiều, Cần Thơ, Việt Nam"
"122","Derek O","danh02.06@gmail.com","12356489","12356489","17 Đường Nguyễn An Ninh, Tân An, Ninh Kiều, Cần Thơ, Việt Nam"
"123","Maher T","tuyet@gmail.com","123564789","123564789","97D Pham Ngoc Thach, Cần Thơ, Việt Nam "
"124","Azizi A","sa@gmail.com","123564789","123564789","88/24 Lê Lai, An Phú, Ninh Kiều, Thành phố Cần Thơ, Việt Nam, 900000"
"125","Bob S","tri@gmail.com","123456789","123456789","76 Dong Khoi Street, Cần Thơ, Việt Nam"
"126","Edgardo K","danh02.06@gmail.com","123456789","123456789","46 Lương Định Của, Phường Cái Khế, , Cái Khế, Ninh Kiều, Thành phố Cần Thơ, Việt Nam, 900000"
"127","Pecaslocas","tuyet@gmail.com","123654789","123654789","59-61 Ly Hong Thanh, P. Cai Khe, Q. Ninh Kieu, Cái Khế, Cần Thơ"
"128","veve2908","sa@gmail.com","123654789","123654789","số 2 đường Nguyễn Văn Cừ (cồn Khương), phường Cái Khế, quận Ninh Kiều, thành phố Cần Thơ"
"129","Marleen H","da@gmail.com","123654789","123654789","138A Nguyen An Ninh , Cần Thơ, Việt Nam"
"130","olitj481","Hau@gmail.com","123654789","123654789","178c Ong Tiem Bridge, Thanh My Area, Thuong Thanh Ward, Cai Rang District, Cần Thơ, Việt Nam, Cần Thơ, Việt Nam"
"131","Honda51","hoa@gmail.com","123456789","123456789","134/12 Trần Phú, P. Cái Khế, Q. Ninh Kiều, TP. Cần Thơ, Cần Thơ, Việt Nam"
"132","Ocahan","hoang02.06@gmail.com","1234568","1234568","8 Xuân Thủy, Phường An Khánh, Ninh Kiều, Cần Thơ, Việt Nam"
"133","gccg21","A_och_F@gmail.com","125478","125478","Xã Trường Long, Huyện Phong Điền, TP. Cần Thơ, Việt Namnnamed, Road Ấp Trường, Phú 1, Phong Điền, Cần Thơ, Việt Nam"
"134","frequentraveller2015","rw005x9966@gmail.com","124568973","124568973","7 Trần Đại Nghĩa, Cái Khế, Ninh Kiều, Cần Thơ, Việt Nam"
"135","tayloredart","FairFoodCritic@gmail.com","125460213","125460213","55 Phạm Ngọc Thạch, Cái Khế, Ninh Kiều, Cần Thơ, Việt Nam"
"136","Suzanne9128","JyriE02.06@gmail.com","125648","125648","Unnamed Road, Mỹ Khánh, Phong Điền, Cần Thơ, Việt Nam"
"137","malons","hoa@gmail.com","125478963","125478963","9C Trần Phú, Cái Khế, Ninh Kiều, Cần Thơ, Việt Nam"
"138","JenPLondon","hoa@gmail.com","123456789","123456789","85 Đường Nguyễn An Ninh, Tân An, Ninh Kiều, Cần Thơ, Việt Nam"
"139","Ran00n","tuyet@gmail.com","321456987","321456987","99A Đường Nguyễn Hữu Cầu, Cồn Khương, Ninh Kiều, Cần Thơ 94000, Việt Nam"
"140","crayfish138","sa@gmail.com","987456321","987456321","1 Đường Ngô Quyền, Tân An, Ninh Kiều, Cần Thơ, Việt Nam"
"141","barretteagan","da@gmail.com","987456321","987456321","10 Hai Bà Trưng Phường Tân An, Quận Ninh Kiều Can Tho City, 94000, Việt Nam"
"142","Arianne65","Hau@gmail.com","123654789","123654789","31-33 Trần Quang Khải, Cái Khế, Ninh Kiều, Cần Thơ 900000, Việt Nam"
"143","momuvami","hoa@gmail.com","123564789","123564789","D5/10 + D5/11 Đường số 2 Khu dân cư, Long Thịnh, Cái Răng, Cần Thơ, Việt Nam"
"144","KMc4528","hoang02.06@gmail.com","147852369","147852369","39-41 Đường Ngô Quyền, Tân An, Ninh Kiều, Cần Thơ 900000, Việt Nam"
"145","RCTAC","A_och_F@gmail.com","12356489","12356489","120 Lê Lợi, Cái Khế, Ninh Kiều, Cần Thơ, Việt Nam"
"146","Natt28","rw005x9966@gmail.com","123564789","123564789","2QVP+GF Ninh Kiều, Cần Thơ, Việt Nam"
"147","shakeitforme","FairFoodCritic@gmail.com","123564789","123564789","Xã Nhơn Nghĩa, H. Phong Điền, Thành Phố Cần Thơ, Vietnam Can Tho City, Việt Nam"
"148","Francis K","JyriE02.06@gmail.com","123456789","123456789","17 Điện Biên Phủ, Tân An, Ninh Kiều, Cần Thơ, Việt Nam"
"149","Attalife","hoa@gmail.com","123456789","123456789","PG2-11 Khu Shophouse Vincom, Đường 30 Tháng 4, Xuân Khánh, Ninh Kiều, Cần Thơ 900000, Việt Nam"
"150","RosiSept15","hoa@gmail.com","123654789","123654789","55 Phan Đình Phùng, Tân An, Ninh Kiều, Cần Thơ, Việt Nam"
"151","ForeignGuardian","A_och_F@gmail.com","123654789","123654789","75/38A6 Võ Trường Toản, An Hoà, Ninh Kiều, Cần Thơ, Việt Nam"
"152","Claudia M","rw005x9966@gmail.com","123654789","123654789","số 22 Hẻm 9 Xô Viết Nghệ Tỉnh, An Cư, Ninh Kiều, Cần Thơ 900000, Việt Nam"
"153","Marie-Helene265109","FairFoodCritic@gmail.com","123654789","123654789","127 2H Đường, Võ Văn Kiệt, An Hoà, Ninh Kiều, Cần Thơ, Việt Nam"
"154","massproductions","JyriE02.06@gmail.com","123456789","123456789","158 Trần Việt Châu, An Hoà, Ninh Kiều, Cần Thơ, Việt Nam"
"155","njkrisko","hoa@gmail.com","1234568","1234568","27 Đ. Số 4, KDC Nam Long, Cái Răng, Cần Thơ, Việt Nam"
"156","Eiffel21","anh@gmail.com","125478","125478","2QJH+VX Ninh Kiều, Cần Thơ, Việt Nam"
"157","Duncan B","yen02.06@gmail.com","124568973","124568973","XQG7+8M Cái Răng, Cần Thơ, Việt Nam"
"158","Ilse A","trong@gmail.com","125460213","125460213","14 Nguyễn Thị Minh Khai, Can Tho, Vietnam"
"159","Nicholas L","tri@gmail.com","125648","125648","Đường 3/2, Phường Xuân Khánh Số 43/67, Can Tho, Vietnam"
"160","Steph23b","danh02.06@gmail.com","125478963","125478963","08 Hải Thượng Lãn Ông, Tân An, Ninh Kiều, Cần Thơ, Việt Nam"
"161","Ram659","tuyet@gmail.com","123456789","123456789","2PCV+7F Ninh Kiều, Cần Thơ, Việt Nam"
"162","ChrisPAngKatHol","sa@gmail.com","321456987","321456987","2QMM+H4 Ninh Kiều, Cần Thơ, Việt Nam"
"163","Dancerdreamer2014","da@gmail.com","987456321","987456321","65 Trần Bình Trọng, An Phú, Ninh Kiều, Cần Thơ, Việt Nam"
"164","Sara P","Hau@gmail.com","123654789","123654789","65 Ung Văn Khiêm, An Hội, Ninh Kiều, Cần Thơ 900000, Việt Nam"
"165","jsyk2014","hoa@gmail.com","123564789","123564789","12 Trần Quang Khải, An Hội, Ninh Kiều, Cần Thơ, Việt Nam"
"166","johnaallen","hoang02.06@gmail.com","147852369","147852369","2QF2+X68, Phường An Khánh, Ninh Kiều, Cần Thơ, Việt Nam"
"167","Jules26Edmonton","A_och_F@gmail.com","12356489","12356489","An Cư"
"168","Tams_tours_10","rw005x9966@gmail.com","123564789","123564789","08 Bà Huyện Thanh Quan, Thới Bình, Ninh Kiều, Cần Thơ, Việt Nam"
"169","MS L","FairFoodCritic@gmail.com","123564789","123564789","66 Nguyễn Chí Thanh, Trà Nóc, Bình Thủy, Cần Thơ, Việt Nam"
"170","jrst1967","JyriE02.06@gmail.com","123456789","123456789","86d Hùng Vương, An Cư, Ninh Kiều, Cần Thơ, Việt Nam"
"171","ShortStack12","hoa@gmail.com","123456789","123456789","26 Tran Phu St Cai Khe Ward, Ninh Kieu Dist, Trần Phú, Thới Bình, Ninh Kiều, Cần Thơ, Việt Nam"
"172","V42515","hoa@gmail.com","123654789","123654789","45p1, Mậu Thân, An Hoà, Ninh Kiều, Cần Thơ, Việt Nam"
"173","Camillus S","yen02.06@gmail.com","123654789","123654789","7 Trần Đại Nghĩa, Cái Khế, Ninh Kiều, Cần Thơ, Việt Nam"
"174","Dazzles23","trong@gmail.com","123654789","123654789","60 Xô Viết Nghệ Tĩnh, An Hội, Ninh Kiều, Cần Thơ, Việt Nam"
"175","Cinthia L","tri@gmail.com","123654789","123654789","87 Phan Đăng Lưu, Thới Bình, Ninh Kiều, Cần Thơ, Việt Nam"
"176","Octavian S","danh02.06@gmail.com","123456789","123456789","97 Đường Đề Thám, Tân An, Ninh Kiều, Cần Thơ, Việt Nam"
"177","andyg001","tuyet@gmail.com","321456987","321456987","9 Đường Cách Mạng Tháng 8, An Thới, Bình Thủy, Cần Thơ, Việt Nam"
"178","Tania N","sa@gmail.com","987456321","987456321","T2 Đinh Công Tráng, Xuân Khánh, Ninh Kiều, Cần Thơ, Việt Nam"
"179","HrWil","da@gmail.com","123654789","123654789","20 Trần Quang Khải, An Hội, Ninh Kiều, Cần Thơ, Việt Nam"
"180","Andrew G","Hau@gmail.com","123564789","123564789","U8 Nguyễn Ngọc Trai, Xuân Khánh, Ninh Kiều, Cần Thơ, Việt Nam"
"181","u-8054","hoa@gmail.com","147852369","147852369","28 Lê Lai, An Lạc, Ninh Kiều, Cần Thơ 94000, Việt Nam"
"182","YHDP K34 Tran Thi Tuyet Hanh","hoang02.06@gmail.com","12356489","12356489","9 Ba Tháng Hai, An Bình, Ninh Kiều, Cần Thơ, Việt Nam"
"183","ĐẶNG VĂN HOÁ","A_och_F@gmail.com","123564789","123564789","107A Mậu Thân, Xuân Khánh, Ninh Kiều, Cần Thơ 900000, Việt Nam"
"184","Hậu Thành Trạm y tế","rw005x9966@gmail.com","123564789","123564789","Lô A1-57 Mai Chí Thọ, KDC 586, P.Phú Thứ Q, Cái Răng, Cần Thơ, Việt Nam"
"185","kiet","FairFoodCritic@gmail.com","123456789","123456789","95/4 Mậu Thân, An Phú, Ninh Kiều, Cần Thơ, Việt Nam"
"186","nhu","JyriE02.06@gmail.com","123456789","123456789","Nguyễn Văn Cừ, Cái Khế, Ninh Kiều, Cần Thơ, Việt Nam"
"187","thao","hoa@gmail.com","123654789","123654789","86 Ung Văn Khiêm, An Hội, Ninh Kiều, Cần Thơ, Việt Nam"
"188","nhi","hoa@gmail.com","123654789","123654789","80 Nguyễn Hữu Trí, Cái Khế, Ninh Kiều, Cần Thơ, Việt Nam"
"189","phong","anh@gmail.com","123654789","123654789","18 Thủ Khoa Huân, Tân An, Ninh Kiều, Cần Thơ, Việt Nam"
"190","tuan","yen02.06@gmail.com","123654789","123654789","20A, Dãy B, Hẻm, 49 Trần Hoàng Na, Hưng Lợi, Ninh Kiều, Cần Thơ, Việt Nam"
"191","yen","trong@gmail.com","123456789","123456789","71 Trần Phú, Thới Bình, Ninh Kiều, Cần Thơ, Việt Nam"
"192","anh","tri@gmail.com","1234568","1234568","120 Đường Hai Bà Trưng, Tân An, Ninh Kiều, Cần Thơ, Việt Nam"
"193","ga","danh02.06@gmail.com","125478","125478","144A Đường Cách Mạng Tháng 8, Cái Khế, Bình Thủy, Cần Thơ 94000, Việt Nam"
"194","trong","tuyet@gmail.com","124568973","124568973","Hem 134, 120/15A Trần Phú, Cái Khế, Ninh Kiều, Cần Thơ 900000, Việt Nam"
"195","tri","sa@gmail.com","125460213","125460213","35-36 đường Nguyễn Thị Sáu, Phú Thứ, Cái Răng, Cần Thơ, Việt Nam"
"196","danh","da@gmail.com","125648","125648","Hẻm 14, Tân An, Ninh Kiều, Cần Thơ, Việt Nam"
"197","tuyet","Hau@gmail.com","125478963","125478963","1 Thủ Khoa Huân, Tân An, Ninh Kiều, Cần Thơ, Việt Nam"
"198","sa","hoa@gmail.com","123456789","123456789","03 Đại lộ Hoà Bình, Tân An, Ninh Kiều, Cần Thơ, Việt Nam"
"199","da","hoang02.06@gmail.com","321456987","321456987","Hẻm 66/11 Đường Cách Mạng Tháng 8, Thới Bình, Ninh Kiều, Cần Thơ, Việt Nam"
"200","Hậu Thành","A_och_F@gmail.com","987456321","987456321","So 9 Đ. A6, Hưng Phú, Cái Răng, Cần Thơ, Việt Nam"
"201","hoaq","rw005x9966@gmail.com","147852369","147852369","47 Đ. Lý Tự Trọng, An Cư, Ninh Kiều, Cần Thơ 94000, Việt Nam"
"202","hoang","FairFoodCritic@gmail.com","12356489","12356489","9 Đường số 4, Hưng Lợi, Ninh Kiều, Cần Thơ, Việt Nam"
"203","A_och_F","JyriE02.06@gmail.com","123564789","123564789","60 Đường Nguyễn An Ninh, Tân An, Ninh Kiều, Cần Thơ 90000, Việt Nam"
"204","rw005x9966","hoa@gmail.com","123564789","123564789","Số 30d/4 - khu vực 2 - đường Trường THPT Chuyên Lý tự Trọng- cuối, Khu dân cư Nam long, Cái Răng, Cần Thơ 94000, Việt Nam"
"205","FairFoodCritic","hoa@gmail.com","123456789","123456789","90 Ngô Sĩ Liên, Hưng Lợi, Ninh Kiều, Cần Thơ, Việt Nam"
"206","JyriE","tuyet@gmail.com","123456789","123456789","Đường số 24, Hưng Phú, Cái Răng, Cần Thơ, Việt Nam"
"207","winst0n53","sa@gmail.com","123654789","123654789","City, 1 Ngô Đức Kế, Street, Ninh Kiều, Cần Thơ, Việt Nam"
"208","z1bby","da@gmail.com","123654789","123654789","172C Ba Tháng Hai, Xuân Khánh, Ninh Kiều, Cần Thơ, Việt Nam"
"209","Paul G","Hau@gmail.com","123654789","123654789","268 Huỳnh Thị Nở, KV, Phú Qưới, Cái Răng, Cần Thơ, Việt Nam"
"210","SydneyKatB","hoa@gmail.com","123654789","123654789","Xuân Khánh, Ninh Kiều, Cần Thơ, Việt Nam"
"211","71Ray71","hoang02.06@gmail.com","123456789","123456789","18 Hải Thượng Lãn Ông, Phường 1, Vị Thanh, Hậu Giang, Việt Nam"
"212","Tiina M","A_och_F@gmail.com","321456987","321456987","75-77-79, Lý Hồng Thanh, Cái Khế, Ninh Kiều, Cần Thơ, Việt Nam"
"213","DS_in_FL","rw005x9966@gmail.com","987456321","987456321","9 Châu Văn Liêm, P Tân An, Q Ninh Kiều Cần Thơ Can Tho City, 94000, Việt Nam"
"214","Jey M","FairFoodCritic@gmail.com","123654789","123654789","Xã Nhơn Nghĩa, H. Phong Điền, Thành Phố Cần Thơ, Vietnam Can Tho City, Việt Nam"
"215","oils1216","JyriE02.06@gmail.com","123564789","123564789","268 Huỳnh Thị Nở, KV, Phú Qưới, Cái Răng, Cần Thơ, Việt Nam"
"216","leni_proch","hoa@gmail.com","147852369","147852369","9C Trần Phú, Cái Khế, Ninh Kiều, Cần Thơ, Việt Nam"
"217","ccooltravel","hoa@gmail.com","12356489","12356489","Quốc lộ 91B, Thới An Đông, Bình Thủy, Cần Thơ, Việt Nam"
"218","KrisThorpe","A_och_F@gmail.com","123564789","123564789","55 Phan Đình Phùng, Tân An, Ninh Kiều, Cần Thơ, Việt Nam"
"219","Aaron H","rw005x9966@gmail.com","123564789","123564789","12 Đường Hai Bà Trưng, Tân An, Ninh Kiều, Cần Thơ 929999, Việt Nam"
"220","Traveller0513","FairFoodCritic@gmail.com","123456789","123456789","78 Hùng Vương, An Hội, Ninh Kiều, Cần Thơ 900000, Việt Nam"
"221","Colleen538","JyriE02.06@gmail.com","123456789","123456789","Hẻm Lò Mổ,Xuân Khánh, Ninh Kiều, Cần Thơ, Việt Nam"
"222","MrMoreira","hoa@gmail.com","123654789","123654789","03-05-07-09 Trần Vĩnh Kiết, An Bình, Ninh Kiều, Cần Thơ, Việt Nam"
"223","davesvoice","anh@gmail.com","123654789","123654789","hẻm 95 Mậu Thân, An Phú, Ninh Kiều, Cần Thơ, Việt Nam"
"224","Giorgiob75","yen02.06@gmail.com","123654789","123654789","
 Trần Quang Khải D3-23, Cần Thơ, Việt Nam"
"225","Tina B","trong@gmail.com","123654789","123654789","81 Lý Hồng Thanh, Cái Khế, Ninh Kiều, Cần Thơ, Việt Nam"
"226","Martin C","tri@gmail.com","123456789","123456789","54/7A Nguyễn Thái Học, Tân An, Ninh Kiều, Cần Thơ, Việt Nam"
"227","oldtravelbag","danh02.06@gmail.com","1234568","1234568","27 Đ. Số 4, KDC Nam Long, Cái Răng, Cần Thơ, Việt Nam"
"228","PauloHussar","tuyet@gmail.com","125478","125478","25 Đường Nguyễn An Ninh, Tân An, Ninh Kiều, Cần Thơ, Việt Nam"
"229","suze381","sa@gmail.com","124568973","124568973","Đ. Hoàng Thế Thiện, Hưng Phú, Cái Răng, Cần Thơ, Việt Nam"
"230","Shaun D","tri@gmail.com","125460213","125460213","1 Nguyễn Bỉnh Khiêm, An Hội, Ninh Kiều, Cần Thơ 900000, Việt Nam"
"231","zeke421912","danh02.06@gmail.com","125648","125648","542 Đường 30 Tháng 4, Hưng Lợi, Ninh Kiều, Cần Thơ, Việt Nam"
"232","CHRISTIANE T","tuyet@gmail.com","125478963","125478963","38 Mậu Thân, An Phú, Ninh Kiều, Cần Thơ, Việt Nam"
"233","Westmaas","sa@gmail.com","123456789","123456789","32 Lương Định Của, Cái Khế, Ninh Kiều, Cần Thơ, Việt Nam"
"234","Zingers","da@gmail.com","321456987","321456987","41, Chau Van Liem Street, Cần Thơ Việt Nam"
"235","cbonorino","Hau@gmail.com","987456321","987456321","118C Đường Cách Mạng Tháng 8, Cái Khế, Ninh Kiều, Cần Thơ, Việt Nam"
"236","José Odalis O","hoa@gmail.com","987456321","987456321","46 Trần Đại Nghĩa, Cái Khế, Ninh Kiều, Cần Thơ 270000, Việt Nam"
"237","dieterderam","hoang02.06@gmail.com","123654789","123654789","C27 Đường số 27, KHU DÂN CƯ ĐÔ THỊ MỚI HƯNG PHÚ, Cái Răng, Cần Thơ, Việt Nam"
"238","neemy","A_och_F@gmail.com","123564789","123564789","TTTM Cái Khế, Trần Phú, Thới Bình, Ninh Kiều, Cần Thơ, Việt Nam"
"239","dedicated-doctor","rw005x9966@gmail.com","147852369","147852369","126 Lê Lai, An Lạc, Ninh Kiều, Cần Thơ, Việt Nam"
"240","Travelsalot050","FairFoodCritic@gmail.com","12356489","12356489","91 Đường Châu Văn Liêm, Tân An, Ninh Kiều, Cần Thơ, Việt Nam"
"241","Clovis2010","JyriE02.06@gmail.com","123564789","123564789","102 Ung Văn Khiêm, An Hội, Ninh Kiều, Cần Thơ, Việt Nam"
"242","28Katerina","hoa@gmail.com","123564789","123564789","2 Cầu Nguyễn Trãi, An Hội, Ninh Kiều, Cần Thơ, Việt Nam"
"243","richard980","hoa@gmail.com","123456789","123456789","65 Hung Vuong Street, Ninh Kieu District, Can Tho 92000 Vietnam"
"244","Fitchy_gent","tuyet@gmail.com","123456789","123456789","số 8 Ngô Hữu Hạnh, Tân An, Ninh Kiều, Cần Thơ, Việt Nam"
"245","alvarodabb","sa@gmail.com","123654789","123654789","17 Đường Nguyễn An Ninh, Tân An, Ninh Kiều, Cần Thơ, Việt Nam"
"246","ThiriIvy","da@gmail.com","123654789","123654789","97D Pham Ngoc Thach, Cần Thơ, Việt Nam "
"247","OttoSchwartz","Hau@gmail.com","123654789","123654789","88/24 Lê Lai, An Phú, Ninh Kiều, Thành phố Cần Thơ, Việt Nam, 900000"
"248","Fussy62Northants","hoa@gmail.com","123654789","123654789","76 Dong Khoi Street, Cần Thơ, Việt Nam"
"249","TonyScorpio","hoang02.06@gmail.com","123456789","123456789","46 Lương Định Của, Phường Cái Khế, , Cái Khế, Ninh Kiều, Thành phố Cần Thơ, Việt Nam, 900000"
"250","TESH1976","A_och_F@gmail.com","1234568","1234568","59-61 Ly Hong Thanh, P. Cai Khe, Q. Ninh Kieu, Cái Khế, Cần Thơ"
"251","Kate J","rw005x9966@gmail.com","125478","125478","số 2 đường Nguyễn Văn Cừ (cồn Khương), phường Cái Khế, quận Ninh Kiều, thành phố Cần Thơ"
"252","CostasLeonidou","FairFoodCritic@gmail.com","124568973","124568973","138A Nguyen An Ninh , Cần Thơ, Việt Nam"
"253","AlansWorldTravels","JyriE02.06@gmail.com","125460213","125460213","178c Ong Tiem Bridge, Thanh My Area, Thuong Thanh Ward, Cai Rang District, Cần Thơ, Việt Nam, Cần Thơ, Việt Nam"
"254","Jimpdw","hoa@gmail.com","125648","125648","134/12 Trần Phú, P. Cái Khế, Q. Ninh Kiều, TP. Cần Thơ, Cần Thơ, Việt Nam"
"255","Donald M","hoa@gmail.com","125478963","125478963","8 Xuân Thủy, Phường An Khánh, Ninh Kiều, Cần Thơ, Việt Nam"
"256","Michieltravel","A_och_F@gmail.com","123456789","123456789","Xã Trường Long, Huyện Phong Điền, TP. Cần Thơ, Việt Namnnamed, Road Ấp Trường, Phú 1, Phong Điền, Cần Thơ, Việt Nam"
"257","diego_esteban","rw005x9966@gmail.com","321456987","321456987","7 Trần Đại Nghĩa, Cái Khế, Ninh Kiều, Cần Thơ, Việt Nam"
"258","Phlogga","FairFoodCritic@gmail.com","987456321","987456321","55 Phạm Ngọc Thạch, Cái Khế, Ninh Kiều, Cần Thơ, Việt Nam"
"259","DBhatt","JyriE02.06@gmail.com","123654789","123654789","Unnamed Road, Mỹ Khánh, Phong Điền, Cần Thơ, Việt Nam"
"260","Pauline1811027","hoa@gmail.com","123564789","123564789","9C Trần Phú, Cái Khế, Ninh Kiều, Cần Thơ, Việt Nam"
"261","basiliogr","anh@gmail.com","147852369","147852369","85 Đường Nguyễn An Ninh, Tân An, Ninh Kiều, Cần Thơ, Việt Nam"
"262","Donna W","yen02.06@gmail.com","12356489","12356489","99A Đường Nguyễn Hữu Cầu, Cồn Khương, Ninh Kiều, Cần Thơ 94000, Việt Nam"
"263","Bren_Espoo_Finland","trong@gmail.com","123564789","123564789","1 Đường Ngô Quyền, Tân An, Ninh Kiều, Cần Thơ, Việt Nam"
"264","Gregor R","tri@gmail.com","123564789","123564789","10 Hai Bà Trưng Phường Tân An, Quận Ninh Kiều Can Tho City, 94000, Việt Nam"
"265","1DIV","danh02.06@gmail.com","123456789","123456789","31-33 Trần Quang Khải, Cái Khế, Ninh Kiều, Cần Thơ 900000, Việt Nam"
"266","david1960uk","tuyet@gmail.com","123456789","123456789","D5/10 + D5/11 Đường số 2 Khu dân cư, Long Thịnh, Cái Răng, Cần Thơ, Việt Nam"
"267","Minnilux","sa@gmail.com","123654789","123654789","39-41 Đường Ngô Quyền, Tân An, Ninh Kiều, Cần Thơ 900000, Việt Nam"
"268","Pramstroker","da@gmail.com","123654789","123654789","120 Lê Lợi, Cái Khế, Ninh Kiều, Cần Thơ, Việt Nam"
"269","kgagnewakefield","Hau@gmail.com","123654789","123654789","2QVP+GF Ninh Kiều, Cần Thơ, Việt Nam"
"270","Frances L","hoa@gmail.com","123654789","123654789","Xã Nhơn Nghĩa, H. Phong Điền, Thành Phố Cần Thơ, Vietnam Can Tho City, Việt Nam"
"271","Lucasz_K","hoang02.06@gmail.com","123456789","123456789","17 Điện Biên Phủ, Tân An, Ninh Kiều, Cần Thơ, Việt Nam"
"272","Shezza42","A_och_F@gmail.com","321456987","321456987","PG2-11 Khu Shophouse Vincom, Đường 30 Tháng 4, Xuân Khánh, Ninh Kiều, Cần Thơ 900000, Việt Nam"
"273","BOFjones","rw005x9966@gmail.com","987456321","987456321","55 Phan Đình Phùng, Tân An, Ninh Kiều, Cần Thơ, Việt Nam"
"274","murrayandamanda","FairFoodCritic@gmail.com","123654789","123654789","75/38A6 Võ Trường Toản, An Hoà, Ninh Kiều, Cần Thơ, Việt Nam"
"275","PC65","JyriE02.06@gmail.com","147852369","147852369","số 22 Hẻm 9 Xô Viết Nghệ Tỉnh, An Cư, Ninh Kiều, Cần Thơ 900000, Việt Nam"
"276","An Accor traveler","hoa@gmail.com","12356489","12356489","127 2H Đường, Võ Văn Kiệt, An Hoà, Ninh Kiều, Cần Thơ, Việt Nam"
"277","nolovelost28","hoa@gmail.com","123564789","123564789","158 Trần Việt Châu, An Hoà, Ninh Kiều, Cần Thơ, Việt Nam"
"278","Eagleton","yen02.06@gmail.com","123564789","123564789","27 Đ. Số 4, KDC Nam Long, Cái Răng, Cần Thơ, Việt Nam"
"279","nandamoreira","trong@gmail.com","123456789","123456789","2QJH+VX Ninh Kiều, Cần Thơ, Việt Nam"
"280","TheTravelerToUAE","tri@gmail.com","123456789","123456789","XQG7+8M Cái Răng, Cần Thơ, Việt Nam"
"281","monicabird","danh02.06@gmail.com","123654789","123654789","14 Nguyễn Thị Minh Khai, Can Tho, Vietnam"
"282","Mbett1","tuyet@gmail.com","123654789","123654789","Đường 3/2, Phường Xuân Khánh Số 43/67, Can Tho, Vietnam"
"283","dandwDurham","sa@gmail.com","123654789","123654789","08 Hải Thượng Lãn Ông, Tân An, Ninh Kiều, Cần Thơ, Việt Nam"
"284","shoes4me","da@gmail.com","123654789","123654789","2PCV+7F Ninh Kiều, Cần Thơ, Việt Nam"
"285","KarinItzel","Hau@gmail.com","123456789","123456789","2QMM+H4 Ninh Kiều, Cần Thơ, Việt Nam"
"286","AndreyVG12009","hoa@gmail.com","321456987","321456987","65 Trần Bình Trọng, An Phú, Ninh Kiều, Cần Thơ, Việt Nam"
"287","Craig_Hank","hoang02.06@gmail.com","987456321","987456321","65 Ung Văn Khiêm, An Hội, Ninh Kiều, Cần Thơ 900000, Việt Nam"
"288","KoalaKangaroo","A_och_F@gmail.com","123654789","123654789","12 Trần Quang Khải, An Hội, Ninh Kiều, Cần Thơ, Việt Nam"
"289","A TripAdvisor Member","rw005x9966@gmail.com","123564789","123564789","2QF2+X68, Phường An Khánh, Ninh Kiều, Cần Thơ, Việt Nam"
"290","ydderwen","FairFoodCritic@gmail.com","147852369","147852369","An Cư"
"291","Marcos040","JyriE02.06@gmail.com","12356489","12356489","08 Bà Huyện Thanh Quan, Thới Bình, Ninh Kiều, Cần Thơ, Việt Nam"
"292","GalwayGeographer","hoa@gmail.com","123564789","123564789","66 Nguyễn Chí Thanh, Trà Nóc, Bình Thủy, Cần Thơ, Việt Nam"
"293","Teerex51","hoa@gmail.com","123564789","123564789","86d Hùng Vương, An Cư, Ninh Kiều, Cần Thơ, Việt Nam"
"294","hoorayfarray","anh@gmail.com","123456789","123456789","26 Tran Phu St Cai Khe Ward, Ninh Kieu Dist, Trần Phú, Thới Bình, Ninh Kiều, Cần Thơ, Việt Nam"
"295","Touristy_11","yen02.06@gmail.com","123456789","123456789","45p1, Mậu Thân, An Hoà, Ninh Kiều, Cần Thơ, Việt Nam"
"296","GlobeTrekkerr","trong@gmail.com","123654789","123654789","7 Trần Đại Nghĩa, Cái Khế, Ninh Kiều, Cần Thơ, Việt Nam"
"297","An Accor traveler","tri@gmail.com","123654789","123654789","60 Xô Viết Nghệ Tĩnh, An Hội, Ninh Kiều, Cần Thơ, Việt Nam"
"298","A TripAdvisor Member","danh02.06@gmail.com","123654789","123654789","87 Phan Đăng Lưu, Thới Bình, Ninh Kiều, Cần Thơ, Việt Nam"
"299","akirtania","tuyet@gmail.com","123654789","123654789","97 Đường Đề Thám, Tân An, Ninh Kiều, Cần Thơ, Việt Nam"
"300","A TripAdvisor Member","sa@gmail.com","123456789","123456789","9 Đường Cách Mạng Tháng 8, An Thới, Bình Thủy, Cần Thơ, Việt Nam"
"301","Margaret J","da@gmail.com","1234568","1234568","T2 Đinh Công Tráng, Xuân Khánh, Ninh Kiều, Cần Thơ, Việt Nam"
"302","rolopolo16","Hau@gmail.com","125478","125478","20 Trần Quang Khải, An Hội, Ninh Kiều, Cần Thơ, Việt Nam"
"303","TheClarkFamily","hoa@gmail.com","124568973","124568973","U8 Nguyễn Ngọc Trai, Xuân Khánh, Ninh Kiều, Cần Thơ, Việt Nam"
"304","InglishSanLuisObispo","hoang02.06@gmail.com","125460213","125460213","28 Lê Lai, An Lạc, Ninh Kiều, Cần Thơ 94000, Việt Nam"
"305","dzhz1","A_och_F@gmail.com","125648","125648","9 Ba Tháng Hai, An Bình, Ninh Kiều, Cần Thơ, Việt Nam"
"306","nitty0","rw005x9966@gmail.com","125478963","125478963","107A Mậu Thân, Xuân Khánh, Ninh Kiều, Cần Thơ 900000, Việt Nam"
"307","Anandspeaks","FairFoodCritic@gmail.com","123456789","123456789","Lô A1-57 Mai Chí Thọ, KDC 586, P.Phú Thứ Q, Cái Răng, Cần Thơ, Việt Nam"
"308","AussieFamilyAway","JyriE02.06@gmail.com","321456987","321456987","95/4 Mậu Thân, An Phú, Ninh Kiều, Cần Thơ, Việt Nam"
"309","A TripAdvisor Member","hoa@gmail.com","987456321","987456321","Nguyễn Văn Cừ, Cái Khế, Ninh Kiều, Cần Thơ, Việt Nam"
"310","Telecaster2000","hoa@gmail.com","987456321","987456321","86 Ung Văn Khiêm, An Hội, Ninh Kiều, Cần Thơ, Việt Nam"
"311","yatesy82","tuyet@gmail.com","123654789","123654789","80 Nguyễn Hữu Trí, Cái Khế, Ninh Kiều, Cần Thơ, Việt Nam"
"312","N1805BN","sa@gmail.com","123564789","123564789","18 Thủ Khoa Huân, Tân An, Ninh Kiều, Cần Thơ, Việt Nam"
"313","OffWeGoOnATripAgain","da@gmail.com","147852369","147852369","20A, Dãy B, Hẻm, 49 Trần Hoàng Na, Hưng Lợi, Ninh Kiều, Cần Thơ, Việt Nam"
"314","A TripAdvisor Member","Hau@gmail.com","12356489","12356489","71 Trần Phú, Thới Bình, Ninh Kiều, Cần Thơ, Việt Nam"
"315","An Accor traveler","hoa@gmail.com","123564789","123564789","120 Đường Hai Bà Trưng, Tân An, Ninh Kiều, Cần Thơ, Việt Nam"
"316","KR-ORD","hoang02.06@gmail.com","123564789","123564789","144A Đường Cách Mạng Tháng 8, Cái Khế, Bình Thủy, Cần Thơ 94000, Việt Nam"
"317","mythalbie","A_och_F@gmail.com","123456789","123456789","Hem 134, 120/15A Trần Phú, Cái Khế, Ninh Kiều, Cần Thơ 900000, Việt Nam"
"318","TravelProNewYork","rw005x9966@gmail.com","123456789","123456789","35-36 đường Nguyễn Thị Sáu, Phú Thứ, Cái Răng, Cần Thơ, Việt Nam"
"319","Emkaloma","FairFoodCritic@gmail.com","123654789","123654789","Hẻm 14, Tân An, Ninh Kiều, Cần Thơ, Việt Nam"
"320","LarW3","JyriE02.06@gmail.com","123654789","123654789","1 Thủ Khoa Huân, Tân An, Ninh Kiều, Cần Thơ, Việt Nam"
"321","EthereaI","hoa@gmail.com","123654789","123654789","03 Đại lộ Hoà Bình, Tân An, Ninh Kiều, Cần Thơ, Việt Nam"
"322","fraserross48","hoa@gmail.com","123654789","123654789","Hẻm 66/11 Đường Cách Mạng Tháng 8, Thới Bình, Ninh Kiều, Cần Thơ, Việt Nam"
"323","rudji","A_och_F@gmail.com","123456789","123456789","So 9 Đ. A6, Hưng Phú, Cái Răng, Cần Thơ, Việt Nam"
"324","amarques99","rw005x9966@gmail.com","1234568","1234568","47 Đ. Lý Tự Trọng, An Cư, Ninh Kiều, Cần Thơ 94000, Việt Nam"
"325","ego_55","FairFoodCritic@gmail.com","125478","125478","9 Đường số 4, Hưng Lợi, Ninh Kiều, Cần Thơ, Việt Nam"
"326","ACSOxford","JyriE02.06@gmail.com","124568973","124568973","60 Đường Nguyễn An Ninh, Tân An, Ninh Kiều, Cần Thơ 90000, Việt Nam"
"327","mwhanc","hoa@gmail.com","125460213","125460213","Số 30d/4 - khu vực 2 - đường Trường THPT Chuyên Lý tự Trọng- cuối, Khu dân cư Nam long, Cái Răng, Cần Thơ 94000, Việt Nam"
"328","NBose","anh@gmail.com","125648","125648","90 Ngô Sĩ Liên, Hưng Lợi, Ninh Kiều, Cần Thơ, Việt Nam"
"329","murraymints97","yen02.06@gmail.com","125478963","125478963","Đường số 24, Hưng Phú, Cái Răng, Cần Thơ, Việt Nam"
"330","henryboyson","trong@gmail.com","123456789","123456789","City, 1 Ngô Đức Kế, Street, Ninh Kiều, Cần Thơ, Việt Nam"
"331","RomanHans1","tri@gmail.com","321456987","321456987","172C Ba Tháng Hai, Xuân Khánh, Ninh Kiều, Cần Thơ, Việt Nam"
"332","DLTraveler1990","danh02.06@gmail.com","987456321","987456321","268 Huỳnh Thị Nở, KV, Phú Qưới, Cái Răng, Cần Thơ, Việt Nam"
"333","pricewise","tuyet@gmail.com","123654789","123654789","Xuân Khánh, Ninh Kiều, Cần Thơ, Việt Nam"
"334","AJC17","sa@gmail.com","123564789","123564789","18 Hải Thượng Lãn Ông, Phường 1, Vị Thanh, Hậu Giang, Việt Nam"
